"Date","Observed","Trend","Seasonal","Random"
1990-01-01,10.4,NA,-19.9509844771242,NA
1990-02-01,8.2,NA,-18.1926511437908,NA
1990-03-01,1.2,NA,-11.9671749533147,NA
1990-04-01,7.8,NA,-0.504079715219421,NA
1990-05-01,8.8,NA,14.6413964752568,NA
1990-06-01,69.8,NA,23.7865435340803,NA
1990-07-01,89.8,31.7916666666667,17.056872665733,40.9514606676004
1990-08-01,66.4,31.975,11.759491713352,22.665508286648
1990-09-01,38.4,31.7666666666667,5.93758695144724,0.695746381886089
1990-10-01,28.4,32.7416666666667,-0.76717495331466,-3.57449171335201
1990-11-01,5.6,33.7583333333333,-11.6938416199813,-16.464491713352
1990-12-01,40.4,35.0083333333333,-10.1059844771242,15.4976511437909
1991-01-01,23,35.1833333333333,-19.9509844771242,7.76765114379084
1991-02-01,0,33.9916666666667,-18.1926511437908,-15.7990155228758
1991-03-01,4.4,34.975,-11.9671749533147,-18.6078250466853
1991-04-01,28,35.35,-0.504079715219421,-6.84592028478057
1991-05-01,13,35.2416666666667,14.6413964752568,-36.8830631419234
1991-06-01,95.6,34.5833333333333,23.7865435340803,37.2301231325864
1991-07-01,68.2,32.2,17.056872665733,18.943127334267
1991-08-01,59.4,31.775,11.759491713352,15.865508286648
1991-09-01,69,34.725,5.93758695144724,28.3374130485528
1991-10-01,6.8,37.6166666666667,-0.76717495331466,-30.049491713352
1991-11-01,24.6,40.3416666666667,-11.6938416199813,-4.04782504668533
1991-12-01,5.6,41.0166666666667,-10.1059844771242,-25.3106821895425
1992-01-01,0.6,38.3583333333333,-19.9509844771242,-17.8073488562092
1992-02-01,12.2,39.15,-18.1926511437908,-8.75734885620915
1992-03-01,63,42.8583333333333,-11.9671749533147,32.1088416199813
1992-04-01,38.8,47.55,-0.504079715219421,-8.24592028478057
1992-05-01,67.6,52.1083333333333,14.6413964752568,0.850270191409898
1992-06-01,57.2,57.3666666666667,23.7865435340803,-23.953210200747
1992-07-01,42.8,62.175,17.056872665733,-36.4318726657329
1992-08-01,103.8,63.5583333333333,11.759491713352,28.4821749533147
1992-09-01,113.6,61.8083333333333,5.93758695144724,45.8540797152194
1992-10-01,74.8,58.3666666666667,-0.76717495331466,17.200508286648
1992-11-01,66,55.6416666666667,-11.6938416199813,22.0521749533147
1992-12-01,90.4,53.5833333333333,-10.1059844771242,46.9226511437909
1993-01-01,31.2,53.1416666666667,-19.9509844771242,-1.99068218954248
1993-02-01,14.8,51.1166666666667,-18.1926511437908,-18.1240155228758
1993-03-01,18.4,46.4,-11.9671749533147,-16.0328250466853
1993-04-01,0.8,44.2833333333333,-0.504079715219421,-42.9792536181139
1993-05-01,40.2,42.6166666666667,14.6413964752568,-17.0580631419234
1993-06-01,35.2,40.825,23.7865435340803,-29.4115435340803
1993-07-01,54.2,40.6916666666667,17.056872665733,-3.54853933239962
1993-08-01,43.8,40.7333333333333,11.759491713352,-8.69282504668534
1993-09-01,60.4,40.1166666666667,5.93758695144724,14.3457463818861
1993-10-01,77.2,39.6666666666667,-0.76717495331466,38.300508286648
1993-11-01,23.6,39.675,-11.6938416199813,-4.38115838001867
1993-12-01,89.8,40.95,-10.1059844771242,58.9559844771242
1994-01-01,28.6,42.05,-19.9509844771242,6.50098447712418
1994-02-01,18.4,40.35,-18.1926511437908,-3.75734885620915
1994-03-01,0,37.5083333333333,-11.9671749533147,-25.5411583800187
1994-04-01,8.4,34.7416666666667,-0.504079715219421,-25.8375869514472
1994-05-01,32.8,33.7416666666667,14.6413964752568,-15.5830631419234
1994-06-01,73.2,30.55,23.7865435340803,18.8634564659197
1994-07-01,42.6,26.65,17.056872665733,-1.10687266573296
1994-08-01,14.6,26.3666666666667,11.759491713352,-23.5261583800187
1994-09-01,21.4,27.275,5.93758695144724,-11.8125869514472
1994-10-01,49.8,29.9333333333333,-0.76717495331466,20.6338416199813
1994-11-01,27,33.15,-11.6938416199813,5.54384161998133
1994-12-01,9.8,33.2416666666667,-10.1059844771242,-13.3356821895425
1995-01-01,15,34.675,-19.9509844771242,0.275984477124183
1995-02-01,25.2,37.7,-18.1926511437908,5.69265114379085
1995-03-01,15,38.825,-11.9671749533147,-11.8578250466853
1995-04-01,57.2,38.1666666666667,-0.504079715219421,19.5374130485528
1995-05-01,61.2,36.0416666666667,14.6413964752568,10.5169368580766
1995-06-01,47,35.1166666666667,23.7865435340803,-11.903210200747
1995-07-01,103.2,36.1166666666667,17.056872665733,50.0264606676004
1995-08-01,26.6,36.9666666666667,11.759491713352,-22.1261583800187
1995-09-01,36.4,36.8916666666667,5.93758695144724,-6.42925361811391
1995-10-01,19,35.6916666666667,-0.76717495331466,-15.924491713352
1995-11-01,6.8,32.2583333333333,-11.6938416199813,-13.764491713352
1995-12-01,7.8,32.05,-10.1059844771242,-14.1440155228758
1996-01-01,41,33.0583333333333,-19.9509844771242,27.8926511437909
1996-02-01,19.6,34.725,-18.1926511437908,3.06765114379085
1996-03-01,18.8,38.475,-11.9671749533147,-7.70782504668534
1996-04-01,24.6,39.7,-0.504079715219421,-14.5959202847806
1996-05-01,11.4,39.4916666666667,14.6413964752568,-42.7330631419234
1996-06-01,91.8,39.55,23.7865435340803,28.4634564659197
1996-07-01,82.6,40.0416666666667,17.056872665733,25.5014606676004
1996-08-01,87.2,40.5166666666667,11.759491713352,34.9238416199813
1996-09-01,65.8,40.1583333333333,5.93758695144724,19.7040797152194
1996-10-01,19,38.7416666666667,-0.76717495331466,-18.974491713352
1996-11-01,1.8,39.75,-11.6938416199813,-26.2561583800187
1996-12-01,14.2,39,-10.1059844771242,-14.6940155228758
1997-01-01,46.4,33.7583333333333,-19.9509844771242,32.5926511437908
1997-02-01,25.6,30.7416666666667,-18.1926511437908,13.0509844771242
1997-03-01,4.2,30.6833333333333,-11.9671749533147,-14.5161583800187
1997-04-01,5.2,33.0666666666667,-0.504079715219421,-27.3625869514472
1997-05-01,55,36.9416666666667,14.6413964752568,3.41693685807657
1997-06-01,30.2,38.8833333333333,23.7865435340803,-32.4698768674136
1997-07-01,18.4,37.4083333333333,17.056872665733,-36.0652059990663
1997-08-01,79,35.55,11.759491713352,31.690508286648
1997-09-01,72.6,35.525,5.93758695144724,31.1374130485528
1997-10-01,69.4,39.4666666666667,-0.76717495331466,30.700508286648
1997-11-01,44.4,42.0166666666667,-11.6938416199813,14.0771749533147
1997-12-01,18.2,42.6583333333333,-10.1059844771242,-14.3523488562091
1998-01-01,7,45.6,-19.9509844771242,-18.6490155228758
1998-02-01,20.4,45.2666666666667,-18.1926511437908,-6.67401552287581
1998-03-01,8.8,42.8666666666667,-11.9671749533147,-22.099491713352
1998-04-01,95.2,40.8333333333333,-0.504079715219421,54.8707463818861
1998-05-01,26.2,38.9333333333333,14.6413964752568,-27.3747298085901
1998-06-01,74.4,37.825,23.7865435340803,12.7884564659197
1998-07-01,44.8,37.975,17.056872665733,-10.231872665733
1998-08-01,44.6,37.6333333333333,11.759491713352,-4.79282504668534
1998-09-01,49.4,38.7333333333333,5.93758695144724,4.72907971521943
1998-10-01,43.8,36.9833333333333,-0.76717495331466,7.58384161998132
1998-11-01,24.4,34.8166666666667,-11.6938416199813,1.27717495331466
1998-12-01,11.6,36.0833333333333,-10.1059844771242,-14.3773488562092
1999-01-01,17.2,36.1666666666667,-19.9509844771242,0.984317810457512
1999-02-01,2,35.425,-18.1926511437908,-15.2323488562091
1999-03-01,53.6,34.75,-11.9671749533147,30.8171749533147
1999-04-01,8.4,35.6333333333333,-0.504079715219421,-26.7292536181139
1999-05-01,61,36.6333333333333,14.6413964752568,9.7252701914099
1999-06-01,70,37.9666666666667,23.7865435340803,8.24678979925304
1999-07-01,51.2,38.2583333333333,17.056872665733,-4.11520599906629
1999-08-01,20.4,39.9583333333333,11.759491713352,-31.3178250466853
1999-09-01,57.4,41.125,5.93758695144724,10.3374130485528
1999-10-01,57,41.8333333333333,-0.76717495331466,15.9338416199813
1999-11-01,35.2,43.4083333333333,-11.6938416199813,3.48550828664799
1999-12-01,32.8,43.35,-10.1059844771242,-0.444015522875823
2000-01-01,3,43.325,-19.9509844771242,-20.3740155228758
2000-02-01,57,44.3583333333333,-18.1926511437908,30.8343178104575
2000-03-01,26.6,45.6833333333333,-11.9671749533147,-7.11615838001867
2000-04-01,52.4,46.15,-0.504079715219421,6.75407971521943
2000-05-01,54.8,45.5666666666667,14.6413964752568,-5.40806314192344
2000-06-01,74.8,43.7083333333333,23.7865435340803,7.30512313258637
2000-07-01,45.8,42.7916666666667,17.056872665733,-14.0485393323996
2000-08-01,50.6,40.825,11.759491713352,-1.98449171335201
2000-09-01,59,39.025,5.93758695144724,14.0374130485528
2000-10-01,66.6,37.7,-0.76717495331466,29.6671749533147
2000-11-01,11.6,37.2166666666667,-11.6938416199813,-13.9228250466853
2000-12-01,11.8,38.425,-10.1059844771242,-16.5190155228758
2001-01-01,2,38.4,-19.9509844771242,-16.4490155228758
2001-02-01,10.8,38.6833333333333,-18.1926511437908,-9.69068218954248
2001-03-01,29.6,40.8,-11.9671749533147,0.767174953314665
2001-04-01,17.6,42.2583333333333,-0.504079715219421,-24.1542536181139
2001-05-01,78,43.35,14.6413964752568,20.0086035247432
2001-06-01,80.6,44.5583333333333,23.7865435340803,12.2551231325864
2001-07-01,39.4,45.1583333333333,17.056872665733,-22.8152059990663
2001-08-01,63.8,45.3166666666667,11.759491713352,6.72384161998131
2001-09-01,96.6,44.075,5.93758695144724,46.5874130485527
2001-10-01,64,42.85,-0.76717495331466,21.9171749533147
2001-11-01,40.4,41.8916666666667,-11.6938416199813,10.2021749533147
2001-12-01,12,39.8666666666667,-10.1059844771242,-17.7606821895425
2002-01-01,16.2,39.6833333333333,-19.9509844771242,-3.53234885620914
2002-02-01,0.4,39.2166666666667,-18.1926511437908,-20.6240155228758
2002-03-01,10.2,34.6583333333333,-11.9671749533147,-12.4911583800187
2002-04-01,7.6,29.8583333333333,-0.504079715219421,-21.7542536181139
2002-05-01,65,27.6333333333333,14.6413964752568,22.7252701914099
2002-06-01,45,27.1666666666667,23.7865435340803,-5.95321020074697
2002-07-01,70.6,27.2166666666667,17.056872665733,26.3264606676004
2002-08-01,21.4,29.975,11.759491713352,-20.334491713352
2002-09-01,29.6,32.3083333333333,5.93758695144724,-8.64592028478057
2002-10-01,15.8,32.6583333333333,-0.76717495331466,-16.0911583800187
2002-11-01,35.2,33.1916666666667,-11.6938416199813,13.7021749533147
2002-12-01,6,35.575,-10.1059844771242,-19.4690155228758
2003-01-01,23.4,36.1166666666667,-19.9509844771242,7.23431781045752
2003-02-01,59.4,35.7416666666667,-18.1926511437908,41.8509844771242
2003-03-01,7.2,37.175,-11.9671749533147,-18.0078250466853
2003-04-01,19,38.4,-0.504079715219421,-18.8959202847806
2003-05-01,66.4,38.4333333333333,14.6413964752568,13.3252701914099
2003-06-01,100.8,37.6666666666667,23.7865435340803,39.346789799253
2003-07-01,27.8,37.4916666666667,17.056872665733,-26.7485393323996
2003-08-01,55.2,34.6083333333333,11.759491713352,8.83217495331467
2003-09-01,30.2,32.8916666666667,5.93758695144724,-8.62925361811391
2003-10-01,44.6,33.3583333333333,-0.76717495331466,12.0088416199813
2003-11-01,7.2,32.2583333333333,-11.6938416199813,-13.364491713352
2003-12-01,15.6,30.5541666666667,-10.1059844771242,-4.84818218954248
2004-01-01,9.6,30.8583333333333,-19.9509844771242,-1.30734885620915
2004-02-01,4,32.3916666666667,-18.1926511437908,-10.1990155228758
2004-03-01,21.4,33.5833333333333,-11.9671749533147,-0.216158380018669
2004-04-01,16,32.7583333333333,-0.504079715219421,-16.2542536181139
2004-05-01,43,32.425,14.6413964752568,-4.06639647525676
2004-06-01,83.3,34.5666666666667,23.7865435340803,24.946789799253
2004-07-01,52.6,35.9333333333333,17.056872665733,-0.390205999066289
2004-08-01,67.2,36.6833333333333,11.759491713352,18.7571749533147
2004-09-01,46.8,36.85,5.93758695144724,4.01241304855275
2004-10-01,8.2,36.175,-0.76717495331466,-27.2078250466853
2004-11-01,35.6,34.1,-11.6938416199813,13.1938416199813
2004-12-01,38.6,32.9791666666667,-10.1059844771242,15.7268178104575
2005-01-01,19.4,32.5416666666667,-19.9509844771242,6.80931781045751
2005-02-01,12.2,31.35,-18.1926511437908,-0.957348856209155
2005-03-01,17.2,31.7333333333333,-11.9671749533147,-2.56615838001868
2005-04-01,4,35.625,-0.504079715219421,-31.1209202847806
2005-05-01,5.2,39.4833333333333,14.6413964752568,-48.9247298085901
2005-06-01,94.2,39.7916666666667,23.7865435340803,30.621789799253
2005-07-01,31.2,39.5083333333333,17.056872665733,-25.3652059990663
2005-08-01,60,40.1333333333333,11.759491713352,8.10717495331466
2005-09-01,63.2,40.5416666666667,5.93758695144724,16.7207463818861
2005-10-01,85.2,41.6416666666667,-0.76717495331466,44.325508286648
2005-11-01,51.2,43.9333333333333,-11.6938416199813,18.960508286648
2005-12-01,30.4,41.525,-10.1059844771242,-1.01901552287582
2006-01-01,20.8,37.7833333333333,-19.9509844771242,2.96765114379085
2006-02-01,25.8,35.3416666666667,-18.1926511437908,8.65098447712418
2006-03-01,13.4,31.65,-11.9671749533147,-6.28282504668534
2006-04-01,34.2,26.575,-0.504079715219421,8.12907971521942
2006-05-01,30,21.7583333333333,14.6413964752568,-6.3997298085901
2006-06-01,11.6,20.0083333333333,23.7865435340803,-32.1948768674136
2006-07-01,24,20.2666666666667,17.056872665733,-13.3235393323996
2006-08-01,8.6,19.95,11.759491713352,-23.109491713352
2006-09-01,26,19.1416666666667,5.93758695144724,0.92074638188609
2006-10-01,0.6,21.0666666666667,-0.76717495331466,-19.699491713352
2006-11-01,20.2,22.9916666666667,-11.6938416199813,8.90217495331466
2006-12-01,19.4,24.4833333333333,-10.1059844771242,5.02265114379085
2007-01-01,38,26.7166666666667,-19.9509844771242,31.2343178104575
2007-02-01,1,28.025,-18.1926511437908,-8.83234885620915
2007-03-01,18.8,28.1416666666667,-11.9671749533147,2.62550828664799
2007-04-01,75,28.8583333333333,-0.504079715219421,46.6457463818861
2007-05-01,35.4,30.3166666666667,14.6413964752568,-9.55806314192344
2007-06-01,42,31.525,23.7865435340803,-13.3115435340803
2007-07-01,47.2,31.0833333333333,17.056872665733,-0.940205999066286
2007-08-01,16.8,30.025,11.759491713352,-24.984491713352
2007-09-01,20.6,29.8,5.93758695144724,-15.1375869514472
2007-10-01,23.2,27.5833333333333,-0.76717495331466,-3.61615838001867
2007-11-01,32.6,26,-11.6938416199813,18.2938416199813
2007-12-01,36,25.6,-10.1059844771242,20.5059844771242
2008-01-01,10.8,24.525,-19.9509844771242,6.22598447712418
2008-02-01,2.8,26.45,-18.1926511437908,-5.45734885620915
2008-03-01,11.6,28.3666666666667,-11.9671749533147,-4.799491713352
2008-04-01,29,27.175,-0.504079715219421,2.32907971521943
2008-05-01,43.4,25.525,14.6413964752568,3.23360352474323
2008-06-01,24.4,24.525,23.7865435340803,-23.9115435340803
2008-07-01,39,23.8833333333333,17.056872665733,-1.94020599906629
2008-08-01,71.2,23.325,11.759491713352,36.115508286648
2008-09-01,12.2,23.5083333333333,5.93758695144724,-17.2459202847806
2008-10-01,3,24.725,-0.76717495331466,-20.9578250466853
2008-11-01,13.2,25.9916666666667,-11.6938416199813,-1.09782504668534
2008-12-01,31.4,26.9416666666667,-10.1059844771242,14.5643178104575
2009-01-01,0,28.75,-19.9509844771242,-8.79901552287582
2009-02-01,0.2,28.3666666666667,-18.1926511437908,-9.97401552287582
2009-03-01,18.6,28.4166666666667,-11.9671749533147,2.15050828664799
2009-04-01,51.2,30.775,-0.504079715219421,20.9290797152194
2009-05-01,51.6,32.2916666666667,14.6413964752568,4.66693685807657
2009-06-01,39,32.3916666666667,23.7865435340803,-17.178210200747
2009-07-01,67.8,32.1583333333333,17.056872665733,18.5847940009337
2009-08-01,33.2,32.7416666666667,11.759491713352,-11.3011583800187
2009-09-01,51.4,32.9166666666667,5.93758695144724,12.5457463818861
2009-10-01,20.4,33.475,-0.76717495331466,-12.3078250466853
2009-11-01,32.2,34.3416666666667,-11.6938416199813,9.55217495331467
2009-12-01,14.8,35.6166666666667,-10.1059844771242,-10.7106821895425
2010-01-01,11,35.6583333333333,-19.9509844771242,-4.70734885620916
2010-02-01,3.2,36.6166666666667,-18.1926511437908,-15.2240155228758
2010-03-01,19.8,38.7166666666667,-11.9671749533147,-6.94949171335201
2010-04-01,63.4,39.5583333333333,-0.504079715219421,24.3457463818861
2010-05-01,60.2,39.575,14.6413964752568,5.98360352474324
2010-06-01,61,39.9916666666667,23.7865435340803,-2.77821020074696
2010-07-01,46.8,41.1833333333333,17.056872665733,-11.4402059990663
2010-08-01,77.2,42.8666666666667,11.759491713352,22.5738416199813
2010-09-01,57.8,46.65,5.93758695144724,5.21241304855275
2010-10-01,34.2,47.0583333333333,-0.76717495331466,-12.0911583800187
2010-11-01,18.8,44.175,-11.6938416199813,-13.6811583800187
2010-12-01,38.2,41.9583333333333,-10.1059844771242,6.34765114379086
2011-01-01,16.2,41.0583333333333,-19.9509844771242,-4.90734885620915
2011-02-01,38.4,40.6916666666667,-18.1926511437908,15.9009844771242
2011-03-01,75.4,39.25,-11.9671749533147,48.1171749533147
2011-04-01,17.6,38.35,-0.504079715219421,-20.2459202847806
2011-05-01,36.8,38.1333333333333,14.6413964752568,-15.9747298085901
2011-06-01,31.2,37.55,23.7865435340803,-30.1365435340803
2011-07-01,55,36.8166666666667,17.056872665733,1.12646066760038
2011-08-01,60.2,35.7,11.759491713352,12.740508286648
2011-09-01,40.2,33.9583333333333,5.93758695144724,0.30407971521943
2011-10-01,30.2,33.5333333333333,-0.76717495331466,-2.56615838001867
2011-11-01,17.6,34.625,-11.6938416199813,-5.33115838001867
2011-12-01,25.4,38.7916666666667,-10.1059844771242,-3.28568218954248
2012-01-01,11.4,41.2583333333333,-19.9509844771242,-9.90734885620915
2012-02-01,16.4,39.9333333333333,-18.1926511437908,-5.34068218954248
2012-03-01,55.6,38.7,-11.9671749533147,28.8671749533147
2012-04-01,27.2,37.125,-0.504079715219421,-9.42092028478058
2012-05-01,53.4,36.275,14.6413964752568,2.48360352474323
2012-06-01,114.6,35.325,23.7865435340803,55.4884564659197
2012-07-01,30.8,34.5666666666667,17.056872665733,-20.8235393323996
2012-08-01,52.6,34.55,11.759491713352,6.290508286648
2012-09-01,18.2,32.55,5.93758695144724,-20.2875869514472
2012-10-01,14.4,30.7333333333333,-0.76717495331466,-15.5661583800187
2012-11-01,13,31.175,-11.6938416199813,-6.48115838001867
2012-12-01,7.2,29.9166666666667,-10.1059844771242,-12.6106821895425
2013-01-01,11.4,31.125,-19.9509844771242,0.225984477124179
2013-02-01,16,34.3416666666667,-18.1926511437908,-0.149015522875821
2013-03-01,8,35.6083333333333,-11.9671749533147,-15.6411583800187
2013-04-01,31.2,36.4416666666667,-0.504079715219421,-4.73758695144726
2013-05-01,60,36.1416666666667,14.6413964752568,9.21693685807656
2013-06-01,77.8,35.9083333333333,23.7865435340803,18.1051231325864
2013-07-01,96.6,36.0833333333333,17.056872665733,43.4597940009337
2013-08-01,64,38.8583333333333,11.759491713352,13.3821749533147
2013-09-01,37.2,42.175,5.93758695144724,-10.9125869514472
2013-10-01,15.4,42.7833333333333,-0.76717495331466,-26.6161583800187
2013-11-01,4.8,42.8833333333333,-11.6938416199813,-26.389491713352
2013-12-01,9.8,42.6416666666667,-10.1059844771242,-22.7356821895425
2014-01-01,13,41.3083333333333,-19.9509844771242,-8.35734885620915
2014-02-01,81,38.5583333333333,-18.1926511437908,60.6343178104575
2014-03-01,22.6,35.475,-11.9671749533147,-0.907825046685325
2014-04-01,31.2,34.65,-0.504079715219421,-2.94592028478058
2014-05-01,62.4,35.15,14.6413964752568,12.6086035247432
2014-06-01,69.6,35.9916666666667,23.7865435340803,9.82178979925303
2014-07-01,72.8,36.2916666666667,17.056872665733,19.4514606676004
2014-09-01,21.8,32.4833333333333,11.759491713352,-22.4428250466853
2014-10-01,5.4,30.3583333333333,5.93758695144724,-30.8959202847806
2014-11-01,27.4,32.3916666666667,-0.76717495331466,-4.22449171335201
2014-12-01,4.8,31.4583333333333,-11.6938416199813,-14.964491713352
2015-01-01,30,28.4916666666667,-10.1059844771242,11.6143178104575
2015-02-01,0,25.8333333333333,-19.9509844771242,-5.88234885620915
2015-03-01,2.6,24.0583333333333,-18.1926511437908,-3.26568218954248
2015-04-01,50,23.8083333333333,-11.9671749533147,38.1588416199813
2015-05-01,52.6,23.2833333333333,-0.504079715219421,29.8207463818861
2015-06-01,18.6,22.875,14.6413964752568,-18.9163964752568
2015-07-01,42.2,23.2333333333333,23.7865435340803,-4.81987686741363
2015-08-01,36.4,24.0833333333333,17.056872665733,-4.74020599906629
2015-09-01,15.6,26.325,11.759491713352,-22.484491713352
2015-10-01,5.6,26.2,5.93758695144724,-26.5375869514472
2015-11-01,14.6,24.9333333333333,-0.76717495331466,-9.56615838001868
2015-12-01,7.8,27.6416666666667,-11.6938416199813,-8.14782504668533
2016-01-01,35.6,32.0833333333333,-10.1059844771242,13.6226511437909
2016-02-01,14.8,34.825,-19.9509844771242,-0.0740155228758184
2016-03-01,41.6,38.9583333333333,-18.1926511437908,20.8343178104575
2016-04-01,8,44.8166666666667,-11.9671749533147,-24.849491713352
2016-05-01,64.2,47.7166666666667,-0.504079715219421,16.9874130485528
2016-06-01,72,51.2,14.6413964752568,6.15860352474323
2016-07-01,95.4,54.1916666666667,23.7865435340803,17.421789799253
2016-08-01,49,55.0833333333333,17.056872665733,-23.1402059990663
2016-09-01,102.2,54.3583333333333,11.759491713352,36.0821749533147
2016-10-01,59.6,53.6,5.93758695144724,0.0624130485527488
2016-11-01,30.2,52.7833333333333,-0.76717495331466,-21.8161583800187
2016-12-01,75.8,48.7083333333333,-11.6938416199813,38.785508286648
2017-01-01,39.4,45.3083333333333,-10.1059844771242,4.19765114379084
2017-02-01,32.4,45.85,-19.9509844771242,6.50098447712418
2017-03-01,6.6,44.9916666666667,-18.1926511437908,-20.1990155228758
2017-04-01,24.8,41.35,-11.9671749533147,-4.58282504668534
2017-05-01,27.8,39.0833333333333,-0.504079715219421,-10.7792536181139
2017-06-01,10.6,36.375,14.6413964752568,-40.4163964752568
2017-07-01,75.2,33.2583333333333,23.7865435340803,18.1551231325864
2017-08-01,82.2,30.75,17.056872665733,34.393127334267
2017-09-01,48.4,29.4833333333333,11.759491713352,7.15717495331466
2017-10-01,26,29.025,5.93758695144724,-8.96258695144724
2017-11-01,9.4,28.6666666666667,-0.76717495331466,-18.499491713352
2017-12-01,31.6,29.7,-11.6938416199813,13.5938416199813
2018-01-01,8.8,29.35,-10.1059844771242,-10.4440155228758
2018-02-01,2.8,27.575,-19.9509844771242,-4.82401552287582
2018-03-01,5.8,25.9666666666667,-18.1926511437908,-1.97401552287582
2018-04-01,14.6,24.275,-11.9671749533147,2.29217495331466
2018-05-01,29.4,24.7916666666667,-0.504079715219421,5.11241304855276
2018-06-01,33.8,25.4083333333333,14.6413964752568,-6.2497298085901
2018-07-01,43.6,24.6083333333333,23.7865435340803,-4.79487686741363
2018-08-01,71.2,24.4,17.056872665733,29.743127334267
2018-09-01,20.8,24.6833333333333,11.759491713352,-15.6428250466853
2018-10-01,13,24.3833333333333,5.93758695144724,-17.3209202847806
2018-11-01,34.8,25.85,-0.76717495331466,9.71717495331465
2018-12-01,21,29.8166666666667,-11.6938416199813,2.87717495331466
2019-01-01,0.2,31.5916666666667,-10.1059844771242,-21.2856821895425
2019-02-01,6.4,29.7416666666667,-19.9509844771242,-3.39068218954249
2019-03-01,9,28.875,-18.1926511437908,-1.68234885620915
2019-04-01,4.2,29.6666666666667,-11.9671749533147,-13.499491713352
2019-05-01,75,29.075,-0.504079715219421,46.4290797152194
2019-06-01,83.4,27.65,14.6413964752568,41.1086035247432
2019-07-01,36.6,27.65,23.7865435340803,-14.8365435340803
2019-08-01,33.8,29.4833333333333,17.056872665733,-12.7402059990663
2019-09-01,37.4,30.4083333333333,11.759491713352,-4.76782504668534
2019-10-01,15.4,33.7333333333333,5.93758695144724,-24.2709202847806
2019-11-01,18.2,35.8083333333333,-0.76717495331466,-16.8411583800187
2019-12-01,3.4,32.9083333333333,-11.6938416199813,-17.814491713352
2020-01-01,17.8,30.5416666666667,-10.1059844771242,-2.63568218954248
2020-02-01,32.8,29.6583333333333,-19.9509844771242,23.0926511437908
2020-03-01,4.8,29.8666666666667,-18.1926511437908,-6.87401552287582
2020-04-01,88.2,31.15,-11.9671749533147,69.0171749533147
2020-05-01,40.8,31.925,-0.504079715219421,9.37907971521942
2020-06-01,48,32.1833333333333,14.6413964752568,1.1752701914099
2020-07-01,15.2,33.0916666666667,23.7865435340803,-41.678210200747
2020-08-01,34,32.85,17.056872665733,-15.906872665733
2020-09-01,42.2,32.8,11.759491713352,-2.359491713352
2020-10-01,41.4,30.125,5.93758695144724,5.33741304855276
2020-11-01,10.8,26.4916666666667,-0.76717495331466,-14.924491713352
2020-12-01,17,27.3833333333333,-11.6938416199813,1.310508286648
2021-01-01,26,31.625,-10.1059844771242,4.48098447712418
2021-02-01,18.8,34.775,-19.9509844771242,3.97598447712418
2021-03-01,17.6,34.1583333333333,-18.1926511437908,1.63431781045752
2021-04-01,11.2,33.2833333333333,-11.9671749533147,-10.1161583800187
2021-05-01,30.6,34.0416666666667,-0.504079715219421,-2.93758695144725
2021-06-01,79.6,34.1916666666667,14.6413964752568,30.7669368580766
2021-07-01,85.4,34.1333333333333,23.7865435340803,27.4801231325864
2021-08-01,39.4,34.3083333333333,17.056872665733,-11.9652059990663
2021-09-01,22,33.6666666666667,11.759491713352,-23.4261583800187
2021-10-01,40.6,33.5916666666667,5.93758695144724,1.07074638188609
2021-11-01,29.8,35.1083333333333,-0.76717495331466,-4.54115838001866
2021-12-01,1.6,35.6833333333333,-11.6938416199813,-22.389491713352
2022-01-01,40,32.2416666666667,-10.1059844771242,17.8643178104575
2022-02-01,9,30.95,-19.9509844771242,-1.99901552287582
2022-03-01,12,33.45,-18.1926511437908,-3.25734885620915
2022-04-01,15,34.75,-11.9671749533147,-7.78282504668534
2022-05-01,63.2,37.2333333333333,-0.504079715219421,26.4707463818861
2022-06-01,60.8,39.8166666666667,14.6413964752568,6.34193685807655
2022-07-01,21.6,39.1583333333333,23.7865435340803,-41.3448768674136
2022-08-01,72.2,38.3916666666667,17.056872665733,16.7514606676004
2022-09-01,49.2,39.35,11.759491713352,-1.909491713352
2022-10-01,44.6,41.4333333333333,5.93758695144724,-2.77092028478057
2022-11-01,85.4,42.675,-0.76717495331466,43.4921749533147
2022-12-01,8,44.5583333333333,-11.6938416199813,-24.864491713352
2023-01-01,17.8,47.1416666666667,-10.1059844771242,-19.2356821895425
2023-02-01,12.8,46.3583333333333,-19.9509844771242,-13.6073488562092
2023-03-01,31.2,43.725,-18.1926511437908,5.66765114379084
2023-04-01,45.8,41.175,-11.9671749533147,16.5921749533147
2023-05-01,62.2,38.7166666666667,-0.504079715219421,23.9874130485528
2023-06-01,107,39.7166666666667,14.6413964752568,52.6419368580766
2023-07-01,37.4,43.3916666666667,23.7865435340803,-29.778210200747
2023-08-01,37.6,44.4333333333333,17.056872665733,-23.8902059990663
2023-09-01,20.6,42.7083333333333,11.759491713352,-33.8678250466853
2023-10-01,12,40.0833333333333,5.93758695144724,-34.0209202847806
2023-11-01,59,36.45,-0.76717495331466,23.3171749533147
2023-12-01,58.4,32.1833333333333,-11.6938416199813,37.910508286648
2024-01-01,55.6,30.3,-10.1059844771242,35.4059844771242
2024-02-01,0,30.4,-19.9509844771242,-10.4490155228758
2024-03-01,2.6,30.4,-18.1926511437908,-9.60734885620915
2024-04-01,11.4,30.3916666666667,-11.9671749533147,-7.02449171335201
2024-05-01,9.4,28.775,-0.504079715219421,-18.8709202847806
2024-06-01,57.4,25.2916666666667,14.6413964752568,17.4669368580766
2024-07-01,41.8,21.2,23.7865435340803,-3.1865435340803
2024-08-01,35.6,19.1,17.056872665733,-0.556872665732957
2024-09-01,22.6,19.175,11.759491713352,-8.33449171335201
2024-10-01,9.8,18.95,5.93758695144724,-15.0875869514472
2024-11-01,22.4,19.325,-0.76717495331466,3.84217495331466
2024-12-01,11.4,20.4666666666667,-11.6938416199813,2.62717495331466
2025-01-01,4.4,23.0333333333333,-10.1059844771242,-8.52734885620915
2025-02-01,0.8,25.0333333333333,-19.9509844771242,-4.28234885620915
2025-03-01,3.6,24.975,-18.1926511437908,-3.18234885620915
2025-04-01,5,26.3,-11.9671749533147,-9.33282504668534
2025-05-01,24.8,29.3333333333333,-0.504079715219421,-4.02925361811391
2025-06-01,69.4,30.65,14.6413964752568,24.1086035247432
2025-07-01,91.4,NA,23.7865435340803,NA
2025-08-01,34,NA,17.056872665733,NA
2025-09-01,22.8,NA,11.759491713352,NA
2025-10-01,41.4,NA,5.93758695144724,NA
2025-11-01,63.6,NA,-0.76717495331466,NA
2025-12-01,1.8,NA,-11.6938416199813,NA
